dataset,transforms,acc_mean,acc_std,f1_mean,rocket_time_mean,clf_fit_time_mean,clf_pred_time_mean,combo_total_time,dataset_total_time
ACSF1,TIME+DWT+DCT+HLB+DT1,0.8703333333333335,0.039537605165490534,0.8688558808076079,0.6177725760142009,0.0972348133722941,0.024515962600708006,30.38980746269226,30.43365740776062
Adiac,TIME+DWT+DCT+HLB+DT1,0.8176470588235294,0.014900487831051749,0.8087538457466731,0.3459079917271932,0.43624343077341715,0.11948341528574626,35.337021350860596,35.38221335411072
ArrowHead,TIME+DWT+DCT+HLB+DT1,0.8918095238095238,0.03729444038253841,0.8902752307839268,0.16127034664154052,0.04163148403167725,0.04586447874704997,10.620139837265015,10.704510688781738
BME,TIME+DWT+DCT+HLB+DT1,0.999111111111111,0.0022662308949301414,0.9991110222133325,0.09846117814381918,0.038763205210367836,0.041582123438517256,8.401859760284424,8.430683374404907
Beef,TIME+DWT+DCT+HLB+DT1,0.7655555555555557,0.08839445823643914,0.7604730557253776,0.12808532238006592,0.03649513721466065,0.00932168960571289,7.46030330657959,7.49130392074585
BeetleFly,TIME+DWT+DCT+HLB+DT1,0.9183333333333333,0.061214558907356505,0.917670317161837,0.11017600377400719,0.023771301905314127,0.0052289247512817385,6.276564121246338,6.305321931838989
BirdChicken,TIME+DWT+DCT+HLB+DT1,0.8966666666666666,0.0694422221866655,0.8956232271241021,0.11007654349009197,0.024917173385620116,0.005481831232706706,6.034276723861694,6.04482626914978
CBF,TIME+DWT+DCT+HLB+DT1,0.993111111111111,0.007394804092876058,0.9930870042286699,0.3017568635940552,0.03536801338195801,0.23832598527272542,25.97045111656189,26.018834352493286
Car,TIME+DWT+DCT+HLB+DT1,0.922222222222222,0.030832082056692453,0.9245697477206334,0.18447175979614258,0.06456418832143147,0.014096522331237793,10.499543190002441,10.547000408172607
Chinatown,TIME+DWT+DCT+HLB+DT1,0.9652089407191446,0.008679150072601003,0.9575699529284205,0.09705048561096191,0.02250809669494629,0.0911969264348348,10.773709774017334,10.809295892715454
ChlorineConcentration,TIME+DWT+DCT+HLB+DT1,0.7753125,0.01171747678268568,0.739925128401241,1.4573984257380168,0.48086140155792234,0.8826572815577189,121.45135951042175,121.68372178077698
CinCECGTorso,TIME+DWT+DCT+HLB+DT1,0.9593961352657006,0.022795189066755702,0.9592019682449612,3.3613675260543823,0.04153155485788981,0.33783645629882814,127.57238960266113,127.96898770332336
Coffee,TIME+DWT+DCT+HLB+DT1,1.0,0.0,1.0,0.09193025588989258,0.031510535875956217,0.008895047505696614,6.166904926300049,6.182674407958984
Computers,TIME+DWT+DCT+HLB+DT1,0.8149333333333334,0.025735751181748857,0.8145929511223738,0.5967180013656617,0.232224178314209,0.060925412178039554,35.24973487854004,35.34508967399597
CricketX,TIME+DWT+DCT+HLB+DT1,0.816837606837607,0.01609041042420162,0.817734078955133,0.4609872659047444,0.37899552981058754,0.09687786897023519,35.71807503700256,35.78069067001343
CricketY,TIME+DWT+DCT+HLB+DT1,0.8257264957264957,0.020367899756537643,0.8256710039156605,0.4637894344329834,0.3793140570322672,0.09559485912322999,35.67961597442627,35.75321888923645
CricketZ,TIME+DWT+DCT+HLB+DT1,0.8402564102564103,0.017138617030909867,0.8325802712638348,0.47068896452585857,0.3846427996953328,0.10261189142862956,36.36114287376404,36.442946910858154
Crop,TIME+DWT+DCT+HLB+DT1,0.7807242063492063,0.002612052497112074,0.7791367644478772,4.5803045447667445,41.25758206049601,3.8501625696818036,1688.9425973892212,1689.5286757946014
DiatomSizeReduction,TIME+DWT+DCT+HLB+DT1,0.9482570806100217,0.033941684035148426,0.894146292692059,0.24555004278818765,0.019538140296936034,0.07989827791849773,14.265632152557373,14.319133996963501
DistalPhalanxOutlineAgeGroup,TIME+DWT+DCT+HLB+DT1,0.7961630695443643,0.026617624797144575,0.7790639306312729,0.16509592056274414,0.38776982625325523,0.03438533941904704,23.237436294555664,23.300727128982544
DistalPhalanxOutlineCorrect,TIME+DWT+DCT+HLB+DT1,0.829710144927536,0.017350999996200944,0.8218899364440636,0.24218674500783285,0.5921171267827352,0.0720820426940918,35.271369218826294,35.31253242492676
DistalPhalanxTW,TIME+DWT+DCT+HLB+DT1,0.6906474820143884,0.021978780311538798,0.5119908978625121,0.16894714037577313,0.39515759150187174,0.033656891187032065,23.391949892044067,23.42223620414734
ECG200,TIME+DWT+DCT+HLB+DT1,0.9056666666666667,0.021860669909426127,0.8949935433533128,0.09336195786794027,0.0970841646194458,0.02508258024851481,9.525374412536621,9.541061639785767
ECG5000,TIME+DWT+DCT+HLB+DT1,0.9471851851851851,0.002645180932819631,0.5965156410592827,1.531134074529012,0.5052277247111002,1.0139564116795858,132.58737921714783,132.80723547935486
ECGFiveDays,TIME+DWT+DCT+HLB+DT1,0.9864498644986448,0.016024320649751806,0.9864462793342896,0.30157734553019205,0.021239209175109863,0.2177947203318278,24.169101238250732,24.216147422790527
EOGHorizontalSignal,TIME+DWT+DCT+HLB+DT1,0.8372007366482506,0.047349352048689015,0.8345455316359923,1.3573218186696372,0.3444795529047648,0.08646431763966879,63.57564377784729,63.77992916107178
EOGVerticalSignal,TIME+DWT+DCT+HLB+DT1,0.7888581952117864,0.058136684675430046,0.7835594976110208,1.3595863644282022,0.34093737602233887,0.0894785722096761,63.35310244560242,63.53348684310913
Earthquakes,TIME+DWT+DCT+HLB+DT1,0.7503597122302158,0.012342550822501469,0.48783108044140305,0.4110130548477173,0.3093158960342407,0.033415826161702473,30.685807943344116,30.764800310134888
ElectricDevices,TIME+DWT+DCT+HLB+DT1,0.891669908788311,0.026524879289090184,0.8647940153380446,3.5917261282602944,69.75433466434478,1.7868685086568197,2391.5236535072327,2392.0614013671875
EthanolLevel,TIME+DWT+DCT+HLB+DT1,0.6923999999999999,0.024311314238436382,0.6853627949843875,2.5707154083251953,0.48983376026153563,0.11831207275390625,107.64246225357056,107.9491024017334
FaceAll,TIME+DWT+DCT+HLB+DT1,0.9877120315581855,0.010658208456311094,0.9770615704303024,0.6808890755971273,0.5774879058202108,0.39367107550303143,70.14934086799622,70.24810528755188
FaceFour,TIME+DWT+DCT+HLB+DT1,0.9087121212121211,0.04634388814912594,0.9102649914128591,0.13865671475728353,0.031862918535868326,0.021631503105163576,8.147632598876953,8.173358917236328
FacesUCR,TIME+DWT+DCT+HLB+DT1,0.9665365853658535,0.0063870779720323605,0.9541572298479678,0.6656044054031371,0.179936154683431,0.4986621618270874,60.27354145050049,60.38364219665527
FiftyWords,TIME+DWT+DCT+HLB+DT1,0.8312820512820515,0.010762251357759347,0.7215791658801295,0.5068113183975219,0.44344543615976967,0.12478734652201334,40.89730143547058,40.976722717285156
Fish,TIME+DWT+DCT+HLB+DT1,0.9769523809523811,0.010688752645027203,0.9767637196040405,0.32679119745890295,0.15791304111480714,0.042789522806803384,20.201967239379883,20.252695083618164
FordA,TIME+DWT+DCT+HLB+DT1,0.9788636363636364,0.003676909892909459,0.9788377113921118,3.733637156486511,9.130635913213094,0.3295643965403239,438.1961224079132,441.1387073993683
FordB,TIME+DWT+DCT+HLB+DT1,0.9323045267489714,0.020839670326166154,0.9322849554416355,3.3879103310902914,9.344709475835165,0.21653642654418945,424.9252288341522,426.7970860004425
FreezerRegularTrain,TIME+DWT+DCT+HLB+DT1,0.9990877192982457,0.0005405483044814813,0.9990877184976378,1.5659073289235432,0.14203866322835287,0.6585684696833293,95.99694561958313,96.51287150382996
FreezerSmallTrain,TIME+DWT+DCT+HLB+DT1,0.9776959064327486,0.020186406036743577,0.9776688632603981,1.5143085940678915,0.027451531092325846,0.6815548181533814,90.29117608070374,90.51216149330139
GunPoint,TIME+DWT+DCT+HLB+DT1,0.9902222222222222,0.0061423444271489856,0.9902203046324448,0.12125073273976643,0.05327175458272298,0.04080495039621989,9.309463262557983,9.340819120407104
GunPointAgeSpan,TIME+DWT+DCT+HLB+DT1,0.9944092827004218,0.005081936485420208,0.9944079119427836,0.20320963064829506,0.12197235425313314,0.07771271069844564,16.96244478225708,17.011536121368408
GunPointMaleVersusFemale,TIME+DWT+DCT+HLB+DT1,0.9998945147679325,0.0005680553594023769,0.9998942085898608,0.20277148723602295,0.12390921115875245,0.0744861920674642,16.97453236579895,17.008116722106934
GunPointOldVersusYoung,TIME+DWT+DCT+HLB+DT1,1.0,0.0,1.0,0.20380300680796304,0.12376892566680908,0.07633423805236816,17.049299240112305,17.08632254600525
Ham,TIME+DWT+DCT+HLB+DT1,0.8393650793650794,0.03578159442185491,0.8388791164018408,0.22365678310394288,0.10426949659983317,0.025742077827453615,13.637203693389893,13.680164098739624
HandOutlines,TIME+DWT+DCT+HLB+DT1,0.9471171171171171,0.010413494769083917,0.941557329729223,5.388752719561259,1.0859881480534872,0.0898392120997111,214.90488600730896,215.54411554336548
Haptics,TIME+DWT+DCT+HLB+DT1,0.5365800865800865,0.020939810547098876,0.520528295678932,0.8001532618204752,0.1416064977645874,0.07014962832132975,38.58967447280884,39.00509190559387
Herring,TIME+DWT+DCT+HLB+DT1,0.625,0.046875,0.6042188950142865,0.17315560181935624,0.06428215503692628,0.015126927693684896,10.115580320358276,10.231858253479004
HouseTwenty,TIME+DWT+DCT+HLB+DT1,0.9641456582633053,0.013881805818895086,0.9630923843497367,0.5990115722020467,0.03693149089813232,0.028453874588012695,25.942777633666992,26.085742950439453
InlineSkate,TIME+DWT+DCT+HLB+DT1,0.5656969696969697,0.02551824641130681,0.5813773620506986,1.8573708470662431,0.09038756688435873,0.13070917129516602,72.1617431640625,72.41055631637573
InsectEPGRegularTrain,TIME+DWT+DCT+HLB+DT1,0.9994645247657296,0.002883622386685139,0.9992395216533148,0.3682173744837443,0.05928198496500651,0.06157933076222737,21.555697202682495,21.63080620765686
InsectEPGSmallTrain,TIME+DWT+DCT+HLB+DT1,0.9769745649263721,0.028641668798535653,0.9700547179119833,0.3257387018203735,0.02004570166269938,0.0604495366414388,18.45599865913391,18.50750207901001
InsectWingbeatSound,TIME+DWT+DCT+HLB+DT1,0.6568518518518519,0.014083988340221024,0.6507776567674802,0.9480325317382812,0.21752421855926513,0.46194777488708494,68.79085540771484,68.94035172462463
ItalyPowerDemand,TIME+DWT+DCT+HLB+DT1,0.9634596695821186,0.008905438764333567,0.963452715437441,0.208711838722229,0.0632321039835612,0.25620407263437905,25.32526206970215,25.34117555618286
LargeKitchenAppliances,TIME+DWT+DCT+HLB+DT1,0.9016000000000001,0.017024252852480343,0.9014591190516137,0.8286057090759279,0.35286126136779783,0.0919377088546753,48.41720271110535,48.55878281593323
Lightning2,TIME+DWT+DCT+HLB+DT1,0.7633879781420764,0.04966669041481749,0.7551802587889619,0.20408456484476725,0.06383246580759684,0.013387568791707357,10.906915187835693,10.940277814865112
Lightning7,TIME+DWT+DCT+HLB+DT1,0.8205479452054795,0.049938975708378595,0.815972892884896,0.14901721636454263,0.07351399262746175,0.017899386088053384,9.762862920761108,9.802465915679932
Mallat,TIME+DWT+DCT+HLB+DT1,0.9791897654584222,0.009906126155233296,0.9790540658324667,3.3404020690917973,0.055469791094462075,0.5543204704920451,139.4865162372589,139.9526698589325
Meat,TIME+DWT+DCT+HLB+DT1,0.9905555555555555,0.014065543223524633,0.9905395472211904,0.1534839057922363,0.06542879740397135,0.015457812945048015,9.374158382415771,9.417083024978638
MedicalImages,TIME+DWT+DCT+HLB+DT1,0.812236842105263,0.013061709845240611,0.7732347494260907,0.33189944426218665,0.3741157611211141,0.1933095137278239,36.84759473800659,36.90204071998596
MiddlePhalanxOutlineAgeGroup,TIME+DWT+DCT+HLB+DT1,0.6504329004329003,0.03560918551005367,0.6089318813821291,0.17409821192423502,0.3882329861323039,0.03845458825429281,23.671042680740356,23.715810775756836
MiddlePhalanxOutlineCorrect,TIME+DWT+DCT+HLB+DT1,0.8454753722794961,0.01806404129782089,0.8378843237102729,0.24846181551615398,0.5981785535812378,0.07528446515401205,35.91511607170105,35.992292404174805
MiddlePhalanxTW,TIME+DWT+DCT+HLB+DT1,0.5450216450216451,0.023468634057887097,0.38378141702678154,0.1732143227259318,0.38601481119791664,0.039972909291585285,23.75630235671997,23.794668674468994
MixedShapesRegularTrain,TIME+DWT+DCT+HLB+DT1,0.9786391752577319,0.0024567538818143168,0.978780873282495,4.018670252164205,0.5288151184717814,0.5572029987970988,178.01521944999695,178.5627384185791
MixedShapesSmallTrain,TIME+DWT+DCT+HLB+DT1,0.9540068728522338,0.0074567627862536755,0.9544775406786041,3.489429275194804,0.09477204481760661,0.5661596377690633,146.06761503219604,146.51990485191345
MoteStrain,TIME+DWT+DCT+HLB+DT1,0.901171458998935,0.021761751773491357,0.900147290626874,0.35077135721842445,0.021118545532226564,0.298969038327535,30.25092911720276,30.317415952682495
NonInvasiveFetalECGThorax1,TIME+DWT+DCT+HLB+DT1,0.9570144189991517,0.0038973314282000045,0.9537275320818431,4.165449206034343,2.679289944966634,0.48440768718719485,251.65204405784607,253.09720182418823
NonInvasiveFetalECGThorax2,TIME+DWT+DCT+HLB+DT1,0.968888888888889,0.003848291484566383,0.966036344511214,4.146548260052999,2.6885125557581584,0.47902654806772865,251.69840955734253,254.97235012054443
OSULeaf,TIME+DWT+DCT+HLB+DT1,0.9630853994490358,0.008858366496315979,0.9635967324392991,0.36615893681844075,0.1909974257151286,0.05990102291107178,23.667203664779663,23.79383087158203
OliveOil,TIME+DWT+DCT+HLB+DT1,0.8944444444444444,0.03759760959041917,0.8671151350979727,0.1331518538792928,0.03261735439300537,0.007486605644226074,7.4483115673065186,7.480055093765259
PhalangesOutlinesCorrect,TIME+DWT+DCT+HLB+DT1,0.8607226107226107,0.00887491702444173,0.8488113878869522,0.6216877794265747,2.585263387362162,0.2277762174606323,127.79941320419312,127.9416115283966
Phoneme,TIME+DWT+DCT+HLB+DT1,0.34811884669479615,0.012252858804993239,0.20183293937179128,2.9448734919230146,0.2087235450744629,0.45082879066467285,127.26275134086609,127.69461965560913
PigAirwayPressure,TIME+DWT+DCT+HLB+DT1,0.6814102564102564,0.03274725146684036,0.670284025614908,0.999550619125366,0.10331687927246094,0.050152071317036945,42.03910040855408,42.172792196273804
PigArtPressure,TIME+DWT+DCT+HLB+DT1,0.9504807692307693,0.02070287060010791,0.9456968956968956,0.9937245353062947,0.10304559071858724,0.05118037859598796,41.52356791496277,41.65038275718689
PigCVP,TIME+DWT+DCT+HLB+DT1,0.908974358974359,0.019858866762384186,0.9025524938024938,1.0072195768356322,0.10182184378306071,0.050917959213256835,41.87938594818115,42.08429741859436
Plane,TIME+DWT+DCT+HLB+DT1,1.0,0.0,1.0,0.11423082033793133,0.10377074877421061,0.028292298316955566,10.398395538330078,10.417670965194702
PowerCons,TIME+DWT+DCT+HLB+DT1,0.9851851851851853,0.009442628728875545,0.9851830008973514,0.16326047897338863,0.15824187596638997,0.03937089443206787,15.062670230865479,15.122394561767578
ProximalPhalanxOutlineAgeGroup,TIME+DWT+DCT+HLB+DT1,0.8507317073170733,0.018536585365853675,0.7863683655905032,0.18304273923238118,0.38250240484873455,0.052419583002726235,24.660799741744995,24.773776054382324
ProximalPhalanxOutlineCorrect,TIME+DWT+DCT+HLB+DT1,0.9073310423825889,0.012656854953795774,0.8873063288456222,0.24286484718322754,0.5955447594324748,0.07135376135508219,35.518266677856445,35.62797975540161
ProximalPhalanxTW,TIME+DWT+DCT+HLB+DT1,0.799349593495935,0.02165961080370302,0.5368290400545439,0.1810349702835083,0.38704248269399005,0.05115804672241211,24.624868392944336,24.696531534194946
RefrigerationDevices,TIME+DWT+DCT+HLB+DT1,0.7524444444444444,0.040606269661253906,0.7506479023468384,0.8457143592834473,0.3538202285766602,0.09358598391215006,48.6685311794281,48.788589000701904
Rock,TIME+DWT+DCT+HLB+DT1,0.8626666666666669,0.04918897798852458,0.8432781047152004,0.48646359125773114,0.019287848472595216,0.011067048708597819,21.584961891174316,21.6635320186615
ScreenType,TIME+DWT+DCT+HLB+DT1,0.643111111111111,0.029228769862146453,0.6427720023346912,0.840773606300354,0.3502442200978597,0.09409992694854737,48.334317445755005,48.44050908088684
SemgHandGenderCh2,TIME+DWT+DCT+HLB+DT1,0.9432777777777779,0.010813942760376123,0.9382882351351773,2.018153235117594,0.279111393292745,0.14327490329742432,84.38643789291382,84.65912652015686
SemgHandMovementCh2,TIME+DWT+DCT+HLB+DT1,0.758962962962963,0.016617045473679978,0.7592537253747081,2.02886217435201,0.4421237309773763,0.10433096090952555,88.5343906879425,88.7880232334137
SemgHandSubjectCh2,TIME+DWT+DCT+HLB+DT1,0.9255555555555556,0.014926431385614738,0.9251894074903381,2.011827147801717,0.4369651953379313,0.1078728437423706,87.95852780342102,88.21952843666077
ShapeletSim,TIME+DWT+DCT+HLB+DT1,0.9883333333333332,0.013933262448871615,0.9883230422445224,0.23197295347849525,0.02732090950012207,0.04671989281972249,11.996742486953735,12.050671577453613
ShapesAll,TIME+DWT+DCT+HLB+DT1,0.9416111111111112,0.01287031707955926,0.940368887399026,0.9504345814387005,0.6291216055552165,0.1476435661315918,65.20830702781677,65.36236882209778
SmallKitchenAppliances,TIME+DWT+DCT+HLB+DT1,0.8168888888888888,0.016714893189039154,0.8160489600044097,0.8414735078811646,0.36061140696207683,0.09164023399353027,48.64880871772766,48.784886598587036
SmoothSubspace,TIME+DWT+DCT+HLB+DT1,0.9748888888888889,0.011506305303110772,0.9747853450017014,0.09213774204254152,0.14864583015441896,0.040710886319478355,12.387125253677368,12.408928155899048
SonyAIBORobotSurface1,TIME+DWT+DCT+HLB+DT1,0.9551858014420411,0.025737276841176198,0.9548137232430912,0.18465084075927735,0.017789872487386067,0.14965186913808187,16.71737313270569,16.748892307281494
SonyAIBORobotSurface2,TIME+DWT+DCT+HLB+DT1,0.9419027632039174,0.02748396309052998,0.9387678692445471,0.2334158182144165,0.029065275192260744,0.23877421220143635,23.56883716583252,23.615772485733032
StarLightCurves,TIME+DWT+DCT+HLB+DT1,0.9820463007932653,0.0009922339787803683,0.9729057570318819,12.363827571868896,1.1230973561604818,1.8664642492930095,533.5675518512726,535.1936318874359
Strawberry,TIME+DWT+DCT+HLB+DT1,0.9801801801801802,0.00499979709027445,0.9785049846731261,0.47663228670756014,0.603494381904602,0.09035701751708984,47.100425720214844,47.26974654197693
SwedishLeaf,TIME+DWT+DCT+HLB+DT1,0.9709866666666666,0.005750114974695925,0.9714289201467994,0.3535178279876709,0.49211764335632324,0.16114261945088704,39.996687173843384,40.12424159049988
Symbols,TIME+DWT+DCT+HLB+DT1,0.9710887772194304,0.011687952026584842,0.9714221996531299,0.7300975195566813,0.02448853651682536,0.23554032643636066,41.247678995132446,41.426236391067505
SyntheticControl,TIME+DWT+DCT+HLB+DT1,0.9957777777777774,0.003435472185275633,0.9957739531322747,0.18230557759602864,0.28306183020273845,0.07459947268168131,22.381319284439087,22.45139241218567
ToeSegmentation1,TIME+DWT+DCT+HLB+DT1,0.9425438596491226,0.01827251447015627,0.9423539562586992,0.18918067296346028,0.043958314259847,0.05455207824707031,12.09503960609436,12.18940806388855
ToeSegmentation2,TIME+DWT+DCT+HLB+DT1,0.9523076923076921,0.020293701474266033,0.9265268605521434,0.16008501529693603,0.03747567335764567,0.03303963343302409,9.736074924468994,9.799085140228271
Trace,TIME+DWT+DCT+HLB+DT1,1.0,0.0,1.0,0.15703859170277915,0.10113155841827393,0.024573516845703126,11.434031009674072,11.512798070907593
TwoLeadECG,TIME+DWT+DCT+HLB+DT1,0.993268949370793,0.0073920579106321865,0.9932670579907333,0.29678411801656085,0.020677590370178224,0.2873545010884603,27.988505840301514,28.097084999084473
TwoPatterns,TIME+DWT+DCT+HLB+DT1,0.9978833333333335,0.0007266743118863894,0.9978866128392763,1.3100357818603514,1.1341015577316285,0.9064112583796183,142.16836285591125,142.874915599823
UMD,TIME+DWT+DCT+HLB+DT1,0.9914351851851855,0.004274579933476728,0.9914186567387904,0.11250404675801595,0.043127044041951494,0.0392682154973348,8.754701137542725,8.794349193572998
UWaveGestureLibraryAll,TIME+DWT+DCT+HLB+DT1,0.9790247533966127,0.002716971444408655,0.9788794298230188,5.952605681419373,0.9948623100916545,0.8213664372762044,270.58066034317017,271.38599705696106
UWaveGestureLibraryX,TIME+DWT+DCT+HLB+DT1,0.8676903033686955,0.0054056617987133515,0.8642548815672856,2.442147223154704,0.9904961585998535,0.8197051286697388,165.5057451725006,165.920236825943
UWaveGestureLibraryY,TIME+DWT+DCT+HLB+DT1,0.8006514051740183,0.006271963177381761,0.7986608785522507,2.4490755446751917,0.9882534980773926,0.8231480598449707,165.82024240493774,166.23828649520874
UWaveGestureLibraryZ,TIME+DWT+DCT+HLB+DT1,0.8085241019914385,0.005992262864944361,0.8061150606175055,2.4748494561513263,1.0076753139495849,0.8345164616902669,167.6974971294403,168.9902045726776
Wafer,TIME+DWT+DCT+HLB+DT1,0.9993402552455115,0.0006240264649254588,0.9982808187423218,2.2528870026270544,1.111279058456421,1.3628001451492309,200.0086350440979,200.3482744693756
Wine,TIME+DWT+DCT+HLB+DT1,0.924074074074074,0.062039340292603634,0.9237763132618528,0.10528647899627686,0.06538897355397542,0.01580226421356201,7.880453586578369,7.902155160903931
WordSynonyms,TIME+DWT+DCT+HLB+DT1,0.7725705329153604,0.013078463578822388,0.6565516460905703,0.5165854183832804,0.2589108149210612,0.15229876836140951,39.49249196052551,39.72069573402405
Worms,TIME+DWT+DCT+HLB+DT1,0.7346320346320347,0.041161979755904125,0.7152717002091386,0.417872215906779,0.16457557678222656,0.019359064102172852,24.493911266326904,24.643829584121704
WormsTwoClass,TIME+DWT+DCT+HLB+DT1,0.7670995670995674,0.040784643162991775,0.7577198335616658,0.41285679499308275,0.15874746640523274,0.017829553286234538,24.209110736846924,24.397740602493286
Yoga,TIME+DWT+DCT+HLB+DT1,0.9255333333333335,0.0066491993391574475,0.9250406467930798,2.1819114001592,0.2919023593266805,0.6872328519821167,123.0988073348999,124.3070776462555
